{
  "timestamp": "2025-07-07T22:32:49.720709",
  "simulation_summary": {
    "total_simulations": 50,
    "failed_simulations": 0,
    "success_rate": 100.0
  },
  "apogee_altitude_stats": {
    "mean": 5696.382972924105,
    "std": 366.625434447898,
    "min": 4768.952705289089,
    "max": 6728.616518508831,
    "percentiles": [
      5134.066528925294,
      5488.498493288389,
      5740.652227351062,
      5913.564379023176,
      6223.622151631973
    ]
  },
  "range_stats": {
    "mean": 8316.578039301809,
    "std": 1325.9494881525407,
    "min": 5426.647000442401,
    "max": 10919.656587598965,
    "percentiles": [
      6157.638929030609,
      7379.694083089678,
      8348.291907986804,
      9249.341905226347,
      10433.784725772319
    ]
  },
  "flight_time_stats": {
    "mean": 96.41937085593877,
    "std": 7.028393865056303,
    "min": 75.71667887449958,
    "max": 110.9933841686618,
    "percentiles": [
      85.16540620066736,
      91.71922395587747,
      98.40056507099536,
      101.57433818758132,
      105.68764830357588
    ]
  },
  "uncertainty_parameters": {
    "initial_position": [
      0.0,
      0.0,
      0.0
    ],
    "initial_velocity": [
      0.1,
      0.1,
      0.1
    ],
    "initial_attitude": [
      0.01,
      0.01,
      0.01
    ],
    "initial_angular_velocity": [
      0.01,
      0.01,
      0.01
    ],
    "mass_uncertainty": 0.02,
    "thrust_uncertainty": 0.05,
    "wind_speed_range": [
      0.0,
      15.0
    ],
    "wind_direction_range": [
      0.0,
      6.283185307179586
    ],
    "atmospheric_density_uncertainty": 0.1
  }
}