{
  "timestamp": "2025-07-08T08:59:19.694195",
  "simulation_summary": {
    "total_simulations": 50,
    "failed_simulations": 0,
    "success_rate": 100.0
  },
  "apogee_altitude_stats": {
    "mean": 5985.2825754026035,
    "std": 369.3893424778984,
    "min": 5065.025047482119,
    "max": 7091.497238700233,
    "percentiles": [
      5442.463124091419,
      5743.9129644599325,
      6028.322809334541,
      6198.675634920639,
      6546.735645737631
    ]
  },
  "range_stats": {
    "mean": 8114.8841727049185,
    "std": 1368.9787678892628,
    "min": 5176.466186411422,
    "max": 10878.62414221071,
    "percentiles": [
      5911.394833291399,
      7192.399053609566,
      8123.495969443747,
      9111.610040657173,
      10276.298107630615
    ]
  },
  "flight_time_stats": {
    "mean": 98.63198928164933,
    "std": 7.102193859639209,
    "min": 77.50795931875575,
    "max": 113.9218897020627,
    "percentiles": [
      87.39498631019342,
      93.97580468957541,
      100.54242817112849,
      103.32192783603162,
      108.11323206263054
    ]
  },
  "uncertainty_parameters": {
    "initial_position": [
      0.0,
      0.0,
      0.0
    ],
    "initial_velocity": [
      0.1,
      0.1,
      0.1
    ],
    "initial_attitude": [
      0.01,
      0.01,
      0.01
    ],
    "initial_angular_velocity": [
      0.01,
      0.01,
      0.01
    ],
    "mass_uncertainty": 0.02,
    "thrust_uncertainty": 0.05,
    "wind_speed_range": [
      0.0,
      15.0
    ],
    "wind_direction_range": [
      0.0,
      6.283185307179586
    ],
    "atmospheric_density_uncertainty": 0.1
  }
}