{
  "timestamp": "2025-07-08T08:19:56.227420",
  "simulation_summary": {
    "total_simulations": 50,
    "failed_simulations": 0,
    "success_rate": 100.0
  },
  "apogee_altitude_stats": {
    "mean": 5330.233218874657,
    "std": 289.36280440395586,
    "min": 4691.093891279214,
    "max": 6039.598104011701,
    "percentiles": [
      4881.66025571969,
      5179.014751133463,
      5323.807295815322,
      5525.265410735221,
      5781.2757780616885
    ]
  },
  "range_stats": {
    "mean": 8540.62622790669,
    "std": 1280.5620731153067,
    "min": 5525.843659797604,
    "max": 11281.970699703706,
    "percentiles": [
      6355.597145134757,
      7884.37709462292,
      8405.966547823351,
      9430.12624424795,
      10536.318360463398
    ]
  },
  "flight_time_stats": {
    "mean": 91.86088754072796,
    "std": 5.752563727159551,
    "min": 74.74880526787747,
    "max": 103.3281497476537,
    "percentiles": [
      82.02021837628409,
      88.57081832651835,
      93.0369608698839,
      95.69669480598417,
      99.20205649414851
    ]
  },
  "uncertainty_parameters": {
    "initial_position": [
      0.0,
      0.0,
      0.0
    ],
    "initial_velocity": [
      0.1,
      0.1,
      0.1
    ],
    "initial_attitude": [
      0.01,
      0.01,
      0.01
    ],
    "initial_angular_velocity": [
      0.01,
      0.01,
      0.01
    ],
    "mass_uncertainty": 0.02,
    "thrust_uncertainty": 0.05,
    "wind_speed_range": [
      0.0,
      15.0
    ],
    "wind_direction_range": [
      0.0,
      6.283185307179586
    ],
    "atmospheric_density_uncertainty": 0.1
  }
}