{
  "timestamp": "2025-07-07T16:29:15.448174",
  "simulation_summary": {
    "total_simulations": 50,
    "failed_simulations": 0,
    "success_rate": 100.0
  },
  "apogee_altitude_stats": {
    "mean": 5170.514752354745,
    "std": 311.71601783626517,
    "min": 4460.064966906602,
    "max": 5929.666363271254,
    "percentiles": 