{
  "timestamp": "2025-07-07T22:38:51.805594",
  "simulation_summary": {
    "total_simulations": 50,
    "failed_simulations": 0,
    "success_rate": 100.0
  },
  "apogee_altitude_stats": {
    "mean": 5258.506393986809,
    "std": 317.96069164331493,
    "min": 4525.538751381331,
    "max": 6054.3713231972,
    "percentiles": [
      4762.5302482535635,
      5069.597159831586,
      5273.71784506087,
      5459.3297026108075,
      5689.854295468515
    ]
  },
  "range_stats": {
    "mean": 8580.04798379256,
    "std": 1264.4821385276055,
    "min": 5631.882629341457,
    "max": 11209.64396389479,
    "percentiles": [
      6456.436712721111,
      7865.298972368188,
      8541.93245325602,
      9458.54282229335,
      10530.00543518026
    ]
  },
  "flight_time_stats": {
    "mean": 91.9168801710859,
    "std": 6.082601744533239,
    "min": 73.98183753836821,
    "max": 103.87050259053424,
    "percentiles": [
      81.40121096577421,
      88.57487053011222,
      93.14448950609602,
      95.9740404285395,
      99.36021572623113
    ]
  },
  "uncertainty_parameters": {
    "initial_position": [
      0.0,
      0.0,
      0.0
    ],
    "initial_velocity": [
      0.1,
      0.1,
      0.1
    ],
    "initial_attitude": [
      0.01,
      0.01,
      0.01
    ],
    "initial_angular_velocity": [
      0.01,
      0.01,
      0.01
    ],
    "mass_uncertainty": 0.02,
    "thrust_uncertainty": 0.05,
    "wind_speed_range": [
      0.0,
      15.0
    ],
    "wind_direction_range": [
      0.0,
      6.283185307179586
    ],
    "atmospheric_density_uncertainty": 0.1
  }
}