{
  "timestamp": "2025-07-08T08:28:05.395281",
  "simulation_summary": {
    "total_simulations": 50,
    "failed_simulations": 0,
    "success_rate": 100.0
  },
  "apogee_altitude_stats": {
    "mean": 5496.601489222876,
    "std": 332.20631138858226,
    "min": 4691.223162190984,
    "max": 6316.704650149497,
    "percentiles": [
      4899.227590624821,
      5364.990624076412,
      5507.984149818629,
      5652.430058891567,
      6004.179252516166
    ]
  },
  "range_stats": {
    "mean": 8301.4132779457,
    "std": 1281.7266881350688,
    "min": 5532.11362530802,
    "max": 10893.607500425116,
    "percentiles": [
      5968.607578157409,
      7511.4516154617595,
      8300.681704558177,
      9192.79709484878,
      10416.603417337214
    ]
  },
  "flight_time_stats": {
    "mean": 93.01099892010697,
    "std": 6.649004667541172,
    "min": 73.62394373796825,
    "max": 106.42371174435019,
    "percentiles": [
      82.08794490448714,
      88.46485144842755,
      93.72105504696981,
      97.77050330116863,
      101.56557891480296
    ]
  },
  "uncertainty_parameters": {
    "initial_position": [
      0.0,
      0.0,
      0.0
    ],
    "initial_velocity": [
      0.1,
      0.1,
      0.1
    ],
    "initial_attitude": [
      0.01,
      0.01,
      0.01
    ],
    "initial_angular_velocity": [
      0.01,
      0.01,
      0.01
    ],
    "mass_uncertainty": 0.02,
    "thrust_uncertainty": 0.05,
    "wind_speed_range": [
      0.0,
      15.0
    ],
    "wind_direction_range": [
      0.0,
      6.283185307179586
    ],
    "atmospheric_density_uncertainty": 0.1
  }
}