{
  "timestamp": "2025-07-08T10:03:41.204914",
  "simulation_summary": {
    "total_simulations": 50,
    "failed_simulations": 0,
    "success_rate": 100.0
  },
  "apogee_altitude_stats": {
    "mean": 7278.4224168495275,
    "std": 896.1180136319571,
    "min": 5121.49011890176,
    "max": 9778.394956200575,
    "percentiles": [
      5932.379758553998,
      6808.115240964682,
      7251.221668770759,
      7698.549105190919,
      8754.722080749436
    ]
  },
  "range_stats": {
    "mean": 9446.986740799994,
    "std": 1960.3380675260646,
    "min": 5498.185220290367,
    "max": 13052.778132777854,
    "percentiles": [
      6303.9775372955455,
      7980.194158834279,
      9423.86572551765,
      11015.340687153915,
      12466.527969202245
    ]
  },
  "flight_time_stats": {
    "mean": 127.41168218751635,
    "std": 17.26955872666407,
    "min": 82.34002924736882,
    "max": 163.63545461834528,
    "percentiles": [
      99.413595878752,
      118.13152706703418,
      127.61251243062797,
      139.3709560374233,
      154.2942110397236
    ]
  },
  "uncertainty_parameters": {
    "initial_position": [
      0.0,
      0.0,
      0.0
    ],
    "initial_velocity": [
      0.1,
      0.1,
      0.1
    ],
    "initial_attitude": [
      0.01,
      0.01,
      0.01
    ],
    "initial_angular_velocity": [
      0.01,
      0.01,
      0.01
    ],
    "mass_uncertainty": 0.02,
    "thrust_uncertainty": 0.05,
    "wind_speed_range": [
      0.0,
      15.0
    ],
    "wind_direction_range": [
      0.0,
      6.283185307179586
    ],
    "atmospheric_density_uncertainty": 0.1
  }
}