{
  "timestamp": "2025-07-08T09:27:31.462036",
  "simulation_summary": {
    "total_simulations": 50,
    "failed_simulations": 0,
    "success_rate": 100.0
  },
  "apogee_altitude_stats": {
    "mean": 8390.909800779822,
    "std": 890.5503978808796,
    "min": 6347.20120158199,
    "max": 11166.958534131589,
    "percentiles": [
      7181.20644683546,
      7755.4693274828005,
      8350.144508727633,
      8834.165416413118,
      10011.932408240391
    ]
  },
  "range_stats": {
    "mean": 8247.135350945902,
    "std": 1807.6778073277044,
    "min": 4859.258764635607,
    "max": 11441.052907498724,
    "percentiles": [
      5673.4346842376535,
      6941.0810169742845,
      7990.693073152339,
      9599.17679786075,
      11192.521220778113
    ]
  },
  "flight_time_stats": {
    "mean": 121.30759754563401,
    "std": 15.025791184006978,
    "min": 81.41697638942892,
    "max": 154.53853307115548,
    "percentiles": [
      98.2872856479824,
      111.21453272252995,
      122.84910223183749,
      131.44087931404044,
      145.07276742299743
    ]
  },
  "uncertainty_parameters": {
    "initial_position": [
      0.0,
      0.0,
      0.0
    ],
    "initial_velocity": [
      0.1,
      0.1,
      0.1
    ],
    "initial_attitude": [
      0.01,
      0.01,
      0.01
    ],
    "initial_angular_velocity": [
      0.01,
      0.01,
      0.01
    ],
    "mass_uncertainty": 0.02,
    "thrust_uncertainty": 0.05,
    "wind_speed_range": [
      0.0,
      15.0
    ],
    "wind_direction_range": [
      0.0,
      6.283185307179586
    ],
    "atmospheric_density_uncertainty": 0.1
  }
}