{
  "timestamp": "2025-07-08T08:26:03.167537",
  "simulation_summary": {
    "total_simulations": 50,
    "failed_simulations": 0,
    "success_rate": 100.0
  },
  "apogee_altitude_stats": {
    "mean": 5505.217028568811,
    "std": 305.4964147058679,
    "min": 4814.266498755039,
    "max": 6302.132431835652,
    "percentiles": [
      5028.215608695083,
      5318.544919620242,
      5521.171135745682,
      5703.815133977631,
      5958.311884769098
    ]
  },
  "range_stats": {
    "mean": 8438.327886756046,
    "std": 1300.1822272583747,
    "min": 5431.556904924538,
    "max": 11177.449711249263,
    "percentiles": [
      6240.645134883701,
      7722.8119172663255,
      8348.88285242991,
      9332.725851474112,
      10468.678627319658
    ]
  },
  "flight_time_stats": {
    "mean": 93.67272075726251,
    "std": 6.096125748741457,
    "min": 75.437060471747,
    "max": 105.4064692670141,
    "percentiles": [
      83.6343341926723,
      90.07833804643322,
      95.25174522336573,
      97.35587772278794,
      101.55534098543201
    ]
  },
  "uncertainty_parameters": {
    "initial_position": [
      0.0,
      0.0,
      0.0
    ],
    "initial_velocity": [
      0.1,
      0.1,
      0.1
    ],
    "initial_attitude": [
      0.01,
      0.01,
      0.01
    ],
    "initial_angular_velocity": [
      0.01,
      0.01,
      0.01
    ],
    "mass_uncertainty": 0.02,
    "thrust_uncertainty": 0.05,
    "wind_speed_range": [
      0.0,
      15.0
    ],
    "wind_direction_range": [
      0.0,
      6.283185307179586
    ],
    "atmospheric_density_uncertainty": 0.1
  }
}