{
  "timestamp": "2025-07-08T09:54:39.042092",
  "simulation_summary": {
    "total_simulations": 50,
    "failed_simulations": 0,
    "success_rate": 100.0
  },
  "apogee_altitude_stats": {
    "mean": 7770.180851648536,
    "std": 852.087489034474,
    "min": 5805.299570207251,
    "max": 10211.01070936257,
    "percentiles": [
      6614.843756431672,
      7132.292330099745,
      7725.754162704632,
      8210.570758603704,
      9331.621784721772
    ]
  },
  "range_stats": {
    "mean": 7501.338745968705,
    "std": 1727.6463692453221,
    "min": 4486.834722942914,
    "max": 10610.888027537923,
    "percentiles": [
      5001.450225552394,
      6221.530412728976,
      7267.383191952473,
      8769.382888216041,
      10271.894087451072
    ]
  },
  "flight_time_stats": {
    "mean": 116.03750481092383,
    "std": 14.183280051599121,
    "min": 78.79236755067748,
    "max": 146.24335272844354,
    "percentiles": [
      94.42270518545925,
      106.36335318343261,
      117.5695472419518,
      125.12686580835995,
      139.23514140240263
    ]
  },
  "uncertainty_parameters": {
    "initial_position": [
      0.0,
      0.0,
      0.0
    ],
    "initial_velocity": [
      0.1,
      0.1,
      0.1
    ],
    "initial_attitude": [
      0.01,
      0.01,
      0.01
    ],
    "initial_angular_velocity": [
      0.01,
      0.01,
      0.01
    ],
    "mass_uncertainty": 0.02,
    "thrust_uncertainty": 0.05,
    "wind_speed_range": [
      0.0,
      15.0
    ],
    "wind_direction_range": [
      0.0,
      6.283185307179586
    ],
    "atmospheric_density_uncertainty": 0.1
  }
}