{
  "timestamp": "2025-07-08T09:43:48.767567",
  "simulation_summary": {
    "total_simulations": 50,
    "failed_simulations": 0,
    "success_rate": 100.0
  },
  "apogee_altitude_stats": {
    "mean": 7579.479667951034,
    "std": 814.156797387989,
    "min": 5719.277883790502,
    "max": 9939.978514788729,
    "percentiles": [
      6479.031814465079,
      6980.72720845662,
      7534.094676001816,
      7977.271077706903,
      9068.182773684026
    ]
  },
  "range_stats": {
    "mean": 7168.989299640846,
    "std": 1686.3957322982683,
    "min": 4237.308327654881,
    "max": 10226.830025225738,
    "percentiles": [
      4761.326436066135,
      5914.543066874417,
      6939.578332084405,
      8401.167344081674,
      9902.41357243738
    ]
  },
  "flight_time_stats": {
    "mean": 114.16645166914185,
    "std": 13.671887955085275,
    "min": 78.24221375942949,
    "max": 143.6294688221891,
    "percentiles": [
      93.31021493128529,
      105.02823251665906,
      115.66486438288676,
      122.96533518393898,
      136.53900405865647
    ]
  },
  "uncertainty_parameters": {
    "initial_position": [
      0.0,
      0.0,
      0.0
    ],
    "initial_velocity": [
      0.1,
      0.1,
      0.1
    ],
    "initial_attitude": [
      0.01,
      0.01,
      0.01
    ],
    "initial_angular_velocity": [
      0.01,
      0.01,
      0.01
    ],
    "mass_uncertainty": 0.02,
    "thrust_uncertainty": 0.05,
    "wind_speed_range": [
      0.0,
      15.0
    ],
    "wind_direction_range": [
      0.0,
      6.283185307179586
    ],
    "atmospheric_density_uncertainty": 0.1
  }
}