{
  "timestamp": "2025-07-08T08:29:58.687900",
  "simulation_summary": {
    "total_simulations": 50,
    "failed_simulations": 0,
    "success_rate": 100.0
  },
  "apogee_altitude_stats": {
    "mean": 5740.160353394794,
    "std": 332.44255794439505,
    "min": 4937.695264219477,
    "max": 6676.894696534239,
    "percentiles": [
      5225.142852423295,
      5531.244017243206,
      5764.647178318806,
      5933.340068867205,
      6246.545968669258
    ]
  },
  "range_stats": {
    "mean": 8286.387928137005,
    "std": 1330.8086826184822,
    "min": 5306.571265716746,
    "max": 11029.129830349002,
    "percentiles": [
      6078.263918600912,
      7465.548882368636,
      8292.116908859629,
      9224.793431445198,
      10362.187996575973
    ]
  },
  "flight_time_stats": {
    "mean": 96.09800229613083,
    "std": 6.5803022593300655,
    "min": 76.38778236586634,
    "max": 109.38411851203665,
    "percentiles": [
      85.55640655206575,
      91.8768441634401,
      97.79375397673256,
      100.42395653819273,
      104.71629365801623
    ]
  },
  "uncertainty_parameters": {
    "initial_position": [
      0.0,
      0.0,
      0.0
    ],
    "initial_velocity": [
      0.1,
      0.1,
      0.1
    ],
    "initial_attitude": [
      0.01,
      0.01,
      0.01
    ],
    "initial_angular_velocity": [
      0.01,
      0.01,
      0.01
    ],
    "mass_uncertainty": 0.02,
    "thrust_uncertainty": 0.05,
    "wind_speed_range": [
      0.0,
      15.0
    ],
    "wind_direction_range": [
      0.0,
      6.283185307179586
    ],
    "atmospheric_density_uncertainty": 0.1
  }
}