{
  "timestamp": "2025-07-07T16:40:49.076278",
  "simulation_summary": {
    "total_simulations": 50,
    "failed_simulations": 0,
    "success_rate": 100.0
  },
  "apogee_altitude_stats": {
    "mean": 5170.514752354745,
    "std": 311.71601783626517,
    "min": 4460.064966906602,
    "max": 5929.666363271254,
    "percentiles": [
      4684.212541971728,
      4991.795517202674,
      5176.474253850316,
      5378.791872741485,
      5602.417456362612
    ]
  },
  "range_stats": {
    "mean": 8625.916400426626,
    "std": 1254.5882373423758,
    "min": 5671.1075473056835,
    "max": 11262.37345094978,
    "percentiles": [
      6508.5816630744785,
      7934.047539267911,
      8562.081891859129,
      9493.904520576754,
      10558.417946208181
    ]
  },
  "flight_time_stats": {
    "mean": 91.00889217233895,
    "std": 5.928109674085935,
    "min": 73.64233997169819,
    "max": 102.76853976317425,
    "percentiles": [
      80.6178398010947,
      87.91019408102734,
      92.20779774450813,
      95.13941178421425,
      98.17284570065215
    ]
  },
  "uncertainty_parameters": {
    "initial_position": [
      0.0,
      0.0,
      0.0
    ],
    "initial_velocity": [
      0.1,
      0.1,
      0.1
    ],
    "initial_attitude": [
      0.01,
      0.01,
      0.01
    ],
    "initial_angular_velocity": [
      0.01,
      0.01,
      0.01
    ],
    "mass_uncertainty": 0.02,
    "thrust_uncertainty": 0.05,
    "wind_speed_range": [
      0.0,
      15.0
    ],
    "wind_direction_range": [
      0.0,
      6.283185307179586
    ],
    "atmospheric_density_uncertainty": 0.1
  }
}