{
  "timestamp": "2025-07-08T10:02:19.583762",
  "simulation_summary": {
    "total_simulations": 50,
    "failed_simulations": 0,
    "success_rate": 100.0
  },
  "apogee_altitude_stats": {
    "mean": 8162.433305163332,
    "std": 1253.9627481398488,
    "min": 5449.442954758711,
    "max": 11603.39730300473,
    "percentiles": [
      6423.967506788879,
      7499.056807653354,
      8023.199438148234,
      8778.060829075086,
      10676.427475547447
    ]
  },
  "range_stats": {
    "mean": 9347.774168553451,
    "std": 2316.0255325146277,
    "min": 5335.18481657462,
    "max": 13700.799519186097,
    "percentiles": [
      5858.382369427523,
      7597.308241431672,
      9298.372948764107,
      11061.182060458184,
      13043.06321579284
    ]
  },
  "flight_time_stats": {
    "mean": 136.89224081914054,
    "std": 21.73334616433142,
    "min": 85.16496680400786,
    "max": 184.25652526312035,
    "percentiles": [
      104.05401352429482,
      124.95978542109435,
      136.01556904966492,
      152.66713711985565,
      176.93330708104568
    ]
  },
  "uncertainty_parameters": {
    "initial_position": [
      0.0,
      0.0,
      0.0
    ],
    "initial_velocity": [
      0.1,
      0.1,
      0.1
    ],
    "initial_attitude": [
      0.01,
      0.01,
      0.01
    ],
    "initial_angular_velocity": [
      0.01,
      0.01,
      0.01
    ],
    "mass_uncertainty": 0.02,
    "thrust_uncertainty": 0.05,
    "wind_speed_range": [
      0.0,
      15.0
    ],
    "wind_direction_range": [
      0.0,
      6.283185307179586
    ],
    "atmospheric_density_uncertainty": 0.1
  }
}