{
  "timestamp": "2025-07-08T09:02:50.531875",
  "simulation_summary": {
    "total_simulations": 50,
    "failed_simulations": 0,
    "success_rate": 100.0
  },
  "apogee_altitude_stats": {
    "mean": 6629.820432219458,
    "std": 374.74995853126364,
    "min": 5687.457740592585,
    "max": 7685.064112867151,
    "percentiles": [
      6049.955923417476,
      6388.267119984455,
      6692.503716805739,
      6849.033508075661,
      7208.991159282252
    ]
  },
  "range_stats": {
    "mean": 9045.686717516975,
    "std": 1493.3221165452658,
    "min": 5734.095868995431,
    "max": 12006.754101911733,
    "percentiles": [
      6529.046633510474,
      8082.444536683649,
      9038.9605997335,
      10040.349411542373,
      11388.509675802126
    ]
  },
  "flight_time_stats": {
    "mean": 105.05135343875065,
    "std": 7.6815314090190965,
    "min": 81.72524400630591,
    "max": 119.72461312367456,
    "percentiles": [
      92.47594184918336,
      99.51300539564602,
      107.52411298922543,
      110.3642834540249,
      115.11023400342984
    ]
  },
  "uncertainty_parameters": {
    "initial_position": [
      0.0,
      0.0,
      0.0
    ],
    "initial_velocity": [
      0.1,
      0.1,
      0.1
    ],
    "initial_attitude": [
      0.01,
      0.01,
      0.01
    ],
    "initial_angular_velocity": [
      0.01,
      0.01,
      0.01
    ],
    "mass_uncertainty": 0.02,
    "thrust_uncertainty": 0.05,
    "wind_speed_range": [
      0.0,
      15.0
    ],
    "wind_direction_range": [
      0.0,
      6.283185307179586
    ],
    "atmospheric_density_uncertainty": 0.1
  }
}