{
  "timestamp": "2025-07-08T09:19:04.332118",
  "simulation_summary": {
    "total_simulations": 50,
    "failed_simulations": 0,
    "success_rate": 100.0
  },
  "apogee_altitude_stats": {
    "mean": 6263.277467155982,
    "std": 347.8862217065637,
    "min": 5222.190020112912,
    "max": 7073.851383657159,
    "percentiles": [
      5746.18067012109,
      6081.581714442464,
      6286.725102833878,
      6438.570026330934,
      6771.739597126896
    ]
  },
  "range_stats": {
    "mean": 9301.153758461258,
    "std": 1501.244282480675,
    "min": 5736.862766428674,
    "max": 12183.07797220462,
    "percentiles": [
      6359.684828461964,
      8472.67013173014,
      9322.834788379705,
      10215.788121535072,
      11544.28943030693
    ]
  },
  "flight_time_stats": {
    "mean": 99.43813935435546,
    "std": 7.590419197597739,
    "min": 77.99020721753732,
    "max": 110.8039567092505,
    "percentiles": [
      80.91328305277243,
      96.97266832677897,
      100.67434771082972,
      104.22334685324644,
      107.70362554246536
    ]
  },
  "uncertainty_parameters": {
    "initial_position": [
      0.0,
      0.0,
      0.0
    ],
    "initial_velocity": [
      0.1,
      0.1,
      0.1
    ],
    "initial_attitude": [
      0.01,
      0.01,
      0.01
    ],
    "initial_angular_velocity": [
      0.01,
      0.01,
      0.01
    ],
    "mass_uncertainty": 0.02,
    "thrust_uncertainty": 0.05,
    "wind_speed_range": [
      0.0,
      15.0
    ],
    "wind_direction_range": [
      0.0,
      6.283185307179586
    ],
    "atmospheric_density_uncertainty": 0.1
  }
}