{
  "timestamp": "2025-07-07T22:34:48.171448",
  "simulation_summary": {
    "total_simulations": 50,
    "failed_simulations": 0,
    "success_rate": 100.0
  },
  "apogee_altitude_stats": {
    "mean": 5912.026511494576,
    "std": 398.23375083369683,
    "min": 4887.573114578968,
    "max": 7086.697803855622,
    "percentiles": [
      5314.875607508187,
      5679.131423838679,
      5975.590873704043,
      6154.012655924135,
      6492.891068024427
    ]
  },
  "range_stats": {
    "mean": 8168.154448888407,
    "std": 1363.6493769612891,
    "min": 5321.237831969846,
    "max": 10777.97393615293,
    "percentiles": [
      5997.980407585787,
      7164.481005766014,
      8230.740783058893,
      9108.377601365626,
      10412.94201227857
    ]
  },
  "flight_time_stats": {
    "mean": 98.62770237972803,
    "std": 7.538896778045198,
    "min": 76.60130673009101,
    "max": 114.89646165334285,
    "percentiles": [
      86.68958882966464,
      93.51360673201883,
      100.85840991121555,
      103.88906152754859,
      108.78876685086685
    ]
  },
  "uncertainty_parameters": {
    "initial_position": [
      0.0,
      0.0,
      0.0
    ],
    "initial_velocity": [
      0.1,
      0.1,
      0.1
    ],
    "initial_attitude": [
      0.01,
      0.01,
      0.01
    ],
    "initial_angular_velocity": [
      0.01,
      0.01,
      0.01
    ],
    "mass_uncertainty": 0.02,
    "thrust_uncertainty": 0.05,
    "wind_speed_range": [
      0.0,
      15.0
    ],
    "wind_direction_range": [
      0.0,
      6.283185307179586
    ],
    "atmospheric_density_uncertainty": 0.1
  }
}